-- phpMyAdmin SQL Dump
-- version 4.7.4
-- https://www.phpmyadmin.net/
--
-- Hôte : 127.0.0.1:3306
-- Généré le :  Dim 14 jan. 2018 à 21:37
-- Version du serveur :  5.7.19
-- Version de PHP :  5.6.31

SET SQL_MODE = "NO_AUTO_VALUE_ON_ZERO";
SET AUTOCOMMIT = 0;
START TRANSACTION;
SET time_zone = "+00:00";


/*!40101 SET @OLD_CHARACTER_SET_CLIENT=@@CHARACTER_SET_CLIENT */;
/*!40101 SET @OLD_CHARACTER_SET_RESULTS=@@CHARACTER_SET_RESULTS */;
/*!40101 SET @OLD_COLLATION_CONNECTION=@@COLLATION_CONNECTION */;
/*!40101 SET NAMES utf8mb4 */;

--
-- Base de données :  `burgercode`
--

-- --------------------------------------------------------

--
-- Structure de la table `admin`
--

DROP TABLE IF EXISTS `admin`;
CREATE TABLE IF NOT EXISTS `admin` (
  `id_admin` int(11) NOT NULL AUTO_INCREMENT,
  `nom` varchar(200) COLLATE utf8_unicode_ci NOT NULL,
  `prenom` varchar(200) COLLATE utf8_unicode_ci NOT NULL,
  `username` varchar(200) COLLATE utf8_unicode_ci NOT NULL,
  `email` varchar(100) COLLATE utf8_unicode_ci NOT NULL,
  `secret` varchar(100) COLLATE utf8_unicode_ci NOT NULL,
  `image` varchar(100) COLLATE utf8_unicode_ci NOT NULL,
  PRIMARY KEY (`id_admin`)
) ENGINE=MyISAM AUTO_INCREMENT=13 DEFAULT CHARSET=utf8 COLLATE=utf8_unicode_ci;

--
-- Déchargement des données de la table `admin`
--

INSERT INTO `admin` (`id_admin`, `nom`, `prenom`, `username`, `email`, `secret`, `image`) VALUES
(11, 'youbi', 'loic adrien', 'Ladykadrien', 'yadrienldk14@gmail.com', '9eec4eecae7e71c99bc96ca9794c506205cf0834', 'pp(3).jpg'),
(12, 'Ndam', 'Wendy', 'Wendy', 'wendyndam97@gmail.com', '9abe56e1ec4ad0b22409506dcf50a4db8827455f', 'pp (4).jpg'),
(7, 'Kamdem', 'Karelle ', 'karelle', 'karellekamdem@gmail.com', '8ce8ca1b2df82fc31e632b01ef967ad643c959dd', 'pp (1).jpg'),
(8, 'Songue', 'Murielle', 'Murielle', 'songuemurielle@gmail.com', 'a84894f0570002d164a8d18fa44786ae323bd1fa', 'pp.jpg');

-- --------------------------------------------------------

--
-- Structure de la table `categories`
--

DROP TABLE IF EXISTS `categories`;
CREATE TABLE IF NOT EXISTS `categories` (
  `id` int(11) NOT NULL AUTO_INCREMENT,
  `name` varchar(100) NOT NULL,
  PRIMARY KEY (`id`)
) ENGINE=InnoDB AUTO_INCREMENT=7 DEFAULT CHARSET=latin1;

--
-- Déchargement des données de la table `categories`
--

INSERT INTO `categories` (`id`, `name`) VALUES
(1, 'Menus'),
(2, 'Burgers'),
(3, 'Snacks'),
(4, 'Salades'),
(5, 'Boissons'),
(6, 'Desserts');

-- --------------------------------------------------------

--
-- Structure de la table `items`
--

DROP TABLE IF EXISTS `items`;
CREATE TABLE IF NOT EXISTS `items` (
  `id` int(11) NOT NULL AUTO_INCREMENT,
  `name` varchar(100) NOT NULL,
  `description` varchar(255) NOT NULL,
  `price` float NOT NULL,
  `image` varchar(255) NOT NULL,
  `category` int(11) NOT NULL,
  PRIMARY KEY (`id`),
  KEY `category` (`category`)
) ENGINE=InnoDB AUTO_INCREMENT=34 DEFAULT CHARSET=latin1;

--
-- Déchargement des données de la table `items`
--

INSERT INTO `items` (`id`, `name`, `description`, `price`, `image`, `category`) VALUES
(1, 'Menu Classic', 'Sandwich: Burger, Salade, Tomate, Cornichon + Frites + Boisson', 8.9, 'm1.png', 1),
(2, 'Menu Bacon', 'Sandwich: Burger, Fromage, Bacon, Salade, Tomate + Frites + Boisson', 9.5, 'm2.png', 1),
(3, 'Menu Big', 'Sandwich: Double Burger, Fromage, Cornichon, Salade + Frites + Boisson', 10.9, 'm3.png', 1),
(4, 'Menu Chicken', 'Sandwich: Poulet Frit, Tomate, Salade, Mayonnaise + Frites + Boisson', 9.9, 'm4.png', 1),
(5, 'Menu Fish', 'Sandwich: Poisson, Salade, Mayonnaise, Cornichon + Frites + Boisson', 10.9, 'm5.png', 1),
(6, 'Menu Double Steak', 'Sandwich: Double Burger, Fromage, Bacon, Salade, Tomate + Frites + Boisson', 11.9, 'm6.png', 1),
(7, 'Classic', 'Sandwich: Burger, Salade, Tomate, Cornichon', 5.9, 'b1.png', 2),
(8, 'Bacon', 'Sandwich: Burger, Fromage, Bacon, Salade, Tomate', 6.5, 'b2.png', 2),
(9, 'Big', 'Sandwich: Double Burger, Fromage, Cornichon, Salade', 6.9, 'b3.png', 2),
(10, 'Chicken', 'Sandwich: Poulet Frit, Tomate, Salade, Mayonnaise', 5.9, 'b4.png', 2),
(11, 'Fish', 'Sandwich: Poisson Pané, Salade, Mayonnaise, Cornichon', 6.5, 'b5.png', 2),
(12, 'Double Steak', 'Sandwich: Double Burger, Fromage, Bacon, Salade, Tomate', 7.5, 'b6.png', 2),
(13, 'Frites', 'Pommes de terre frites', 3.9, 's1.png', 3),
(14, 'Onion Rings', 'Rondelles d\'oignon frits', 3.4, 's2.png', 3),
(15, 'Nuggets', 'Nuggets de poulet frits', 5.9, 's3.png', 3),
(16, 'Nuggets Fromage', 'Nuggets de fromage frits', 3.5, 's4.png', 3),
(17, 'Ailes de Poulet', 'Ailes de poulet Barbecue', 5.9, 's5.png', 3),
(18, 'César Poulet Pané', 'Poulet Pané, Salade, Tomate et la fameuse sauce César', 8.9, 'sa1.png', 4),
(19, 'César Poulet Grillé', 'Poulet Grillé, Salade, Tomate et la fameuse sauce César', 8.9, 'sa2.png', 4),
(20, 'Salade Light', 'Salade, Tomate, Concombre, MaÃ¯s et Vinaigre balsamique', 5.9, 'sa3.png', 4),
(21, 'Poulet Pané', 'Poulet Pané, Salade, Tomate et la sauce de votre choix', 7.9, 'sa4.png', 4),
(22, 'Poulet Grillé', 'Poulet Grillé, Salade, Tomate et la sauce de votre choix', 7.9, 'sa5.png', 4),
(23, 'Coca-Cola', 'Au choix: Petit, Moyen ou Grand', 1.9, 'bo1.png', 5),
(24, 'Coca-Cola Light', 'Au choix: Petit, Moyen ou Grand', 1.9, 'bo2.png', 5),
(25, 'Coca-Cola Zéro', 'Au choix: Petit, Moyen ou Grand', 1.9, 'bo3.png', 5),
(26, 'Fanta', 'Au choix: Petit, Moyen ou Grand', 1.9, 'bo4.png', 5),
(27, 'Sprite', 'Au choix: Petit, Moyen ou Grand', 1.9, 'bo5.png', 5),
(28, 'Nestea', 'Au choix: Petit, Moyen ou Grand', 1.9, 'bo6.png', 5),
(29, 'Fondant au chocolat', 'Au choix: Chocolat Blanc ou au lait', 4.9, 'd1.png', 6),
(30, 'Muffin', 'Au choix: Au fruits ou au chocolat', 2.9, 'd2.png', 6),
(31, 'Beignet', 'Au choix: Au chocolat ou Ã  la vanille', 2.9, 'd3.png', 6),
(32, 'Milkshake', 'Au choix: Fraise, Vanille ou Chocolat', 3.9, 'd4.png', 6),
(33, 'Sundae', 'Au choix: Fraise, Caramel ou Chocolat', 6.17, 'd5.png', 6);

-- --------------------------------------------------------

--
-- Structure de la table `users`
--

DROP TABLE IF EXISTS `users`;
CREATE TABLE IF NOT EXISTS `users` (
  `id` int(11) NOT NULL AUTO_INCREMENT,
  `nom` varchar(255) NOT NULL,
  `prenom` varchar(255) NOT NULL,
  `email` varchar(200) NOT NULL,
  `login` varchar(30) NOT NULL,
  `password` varchar(255) NOT NULL,
  PRIMARY KEY (`id`)
) ENGINE=MyISAM AUTO_INCREMENT=10 DEFAULT CHARSET=latin1;

--
-- Déchargement des données de la table `users`
--

INSERT INTO `users` (`id`, `nom`, `prenom`, `email`, `login`, `password`) VALUES
(1, 'youbi', 'loic adrien', 'yadrienldk14@gmail.com', 'Ladykadrien', '9d176fa31c92b1b2e0adc194f02765f36c6ac420'),
(6, 'Pegaule', 'Patrice', 'patrice.pegaule@3il.fr', 'patrice', '8d2ab1635d7a71906282d5b561225ade17b7d657'),
(3, 'Kamdem', 'Karelle', 'Karellekamde@gmail.com', 'karelle', '8ce8ca1b2df82fc31e632b01ef967ad643c959dd'),
(8, 'Mouafo', 'Albert Regis', 'albertmoafo@gmail.com', 'Albert', '97a1a69e2589ede997d687226cd17729c970b06f'),
(5, 'Songue', 'Murielle', 'muriellesongue@gmail.com', 'Murielle10', '7110eda4d09e062aa5e4a390b0a572ac0d2c0220');

--
-- Contraintes pour les tables déchargées
--

--
-- Contraintes pour la table `items`
--
ALTER TABLE `items`
  ADD CONSTRAINT `items_ibfk_1` FOREIGN KEY (`category`) REFERENCES `categories` (`id`) ON DELETE CASCADE ON UPDATE CASCADE;
COMMIT;

/*!40101 SET CHARACTER_SET_CLIENT=@OLD_CHARACTER_SET_CLIENT */;
/*!40101 SET CHARACTER_SET_RESULTS=@OLD_CHARACTER_SET_RESULTS */;
/*!40101 SET COLLATION_CONNECTION=@OLD_COLLATION_CONNECTION */;
